activity_id,community_id,activity_name_zh,activity_type_code,description_zh,start_date,end_date,recurring,venue_name_zh,address_zh,participant_count,target_groups,evidence_level,source_title,source_url,source_accessed_on,record_status,data_quality_flag,is_example,created_at,updated_at,schema_version,notes
ACT-2023-0001,COM-0007,新忠社區互助共好大家庭,care_service,臺北市政府社會局核定之「新忠社區互助共好大家庭」方案；本紀錄保留核定名稱與預定執行期間。,2023-02-01,2023-12-31,true,,,,,A,112年社區發展及互助共好補助計畫專案五、專案六第一梯次核定表,https://www-ws.gov.taipei/Download.ashx?icon=..pdf&n=MTEy5bm05bCI5qGI5LqU5bCI5qGI5YWt56ys5LiA5qKv5qyh5qC45a6a6KGoKOeZvOaWhykucGRm&u=LzAwMS9VcGxvYWQvMzU4L3JlbGZpbGUvNTc4ODEvODk2OTYxMC8yZDc1ZGVlNC04MTZhLTQ5MjgtOTYwYi02NWY3ZjBkYmJlYTgucGRm,2026-08-03,verified,low_evidence,false,2026-08-03T12:00:00Z,2026-08-03T12:00:00Z,1.1.0,來源轉錄碼 SRC-ACT-2023-001；核定表編號 31，PDF 第 6 頁。 原始預定期間：2023-02-01 至 2023-12-31。 核定金額：新臺幣 400000 元；本 Sprint 不以金額評估成效。 證據只支持方案獲核定與預定執行期間，未查得核銷或成果資料，不得解讀為已執行或完成。
ACT-2023-0002,COM-0010,社區互助關懷、共創美好社區,care_service,臺北市政府社會局核定之「社區互助關懷、共創美好社區」方案；本紀錄保留核定名稱與預定執行期間。,2023-02-01,2023-12-31,true,,,,,A,112年社區發展及互助共好補助計畫專案五、專案六第一梯次核定表,https://www-ws.gov.taipei/Download.ashx?icon=..pdf&n=MTEy5bm05bCI5qGI5LqU5bCI5qGI5YWt56ys5LiA5qKv5qyh5qC45a6a6KGoKOeZvOaWhykucGRm&u=LzAwMS9VcGxvYWQvMzU4L3JlbGZpbGUvNTc4ODEvODk2OTYxMC8yZDc1ZGVlNC04MTZhLTQ5MjgtOTYwYi02NWY3ZjBkYmJlYTgucGRm,2026-08-03,verified,low_evidence,false,2026-08-03T12:00:00Z,2026-08-03T12:00:00Z,1.1.0,來源轉錄碼 SRC-ACT-2023-002；核定表編號 32，PDF 第 6 頁。 原始預定期間：2023-02-01 至 2023-12-31。 核定金額：新臺幣 300000 元；本 Sprint 不以金額評估成效。 證據只支持方案獲核定與預定執行期間，未查得核銷或成果資料，不得解讀為已執行或完成。
ACT-2023-0003,COM-0005,忠貞里中正新城社區 A THINKER AND A DOER,education,臺北市政府社會局核定之「忠貞里中正新城社區 A THINKER AND A DOER」方案；本紀錄保留核定名稱與預定執行期間。,2023-04-01,2023-08-31,true,,,,,A,112年度推動社區發展及互助共好補助計畫第三階段第二梯次核定表,https://www-ws.gov.taipei/Download.ashx?icon=..pdf&n=MTEy5bm05bCI5qGI5qC45a6a6KGo56ysM%2BmajuautSjlsIjlm5spLnBkZg%3D%3D&u=LzAwMS9VcGxvYWQvMzU4L3JlbGZpbGUvNTc4ODEvODk2OTYwNy9iYTA2NjUxMS03NWZhLTRkZTQtYjY0Ni02ZGNmOGMwMmE0NGQucGRm,2026-08-03,verified,low_evidence,false,2026-08-03T12:00:00Z,2026-08-03T12:00:00Z,1.1.0,來源轉錄碼 SRC-ACT-2023-003；核定表編號 330，PDF 第 2 頁。 原始預定期間：4–8月。 預計受益人數：250；此值不是實際參與人次。 核定金額：新臺幣 65000 元；本 Sprint 不以金額評估成效。 證據只支持方案獲核定與預定執行期間，未查得核銷或成果資料，不得解讀為已執行或完成。
ACT-2023-0004,COM-0012,壽德公園青銀共樂繪工作坊,culture,臺北市政府社會局核定之「壽德公園青銀共樂繪工作坊」方案；本紀錄保留核定名稱與預定執行期間。,2023-09-01,2023-11-30,true,,,,,A,112年度推動社區發展及互助共好補助計畫第三階段第二梯次核定表,https://www-ws.gov.taipei/Download.ashx?icon=..pdf&n=MTEy5bm05bCI5qGI5qC45a6a6KGo56ysM%2BmajuautSjlsIjlm5spLnBkZg%3D%3D&u=LzAwMS9VcGxvYWQvMzU4L3JlbGZpbGUvNTc4ODEvODk2OTYwNy9iYTA2NjUxMS03NWZhLTRkZTQtYjY0Ni02ZGNmOGMwMmE0NGQucGRm,2026-08-03,verified,low_evidence,false,2026-08-03T12:00:00Z,2026-08-03T12:00:00Z,1.1.0,來源轉錄碼 SRC-ACT-2023-004；核定表編號 331，PDF 第 2 頁。 原始預定期間：9–11月。 預計受益人數：15；此值不是實際參與人次。 核定金額：新臺幣 98000 元；本 Sprint 不以金額評估成效。 證據只支持方案獲核定與預定執行期間，未查得核銷或成果資料，不得解讀為已執行或完成。
ACT-2023-0005,COM-0007,長者生命故事共創社區意象地圖,culture,臺北市政府社會局核定之「長者生命故事共創社區意象地圖」方案；本紀錄保留核定名稱與預定執行期間。,2023-05-01,2023-11-30,true,,,,,A,112年度推動社區發展及互助共好補助計畫第三階段第二梯次核定表,https://www-ws.gov.taipei/Download.ashx?icon=..pdf&n=MTEy5bm05bCI5qGI5qC45a6a6KGo56ysM%2BmajuautSjlsIjlm5spLnBkZg%3D%3D&u=LzAwMS9VcGxvYWQvMzU4L3JlbGZpbGUvNTc4ODEvODk2OTYwNy9iYTA2NjUxMS03NWZhLTRkZTQtYjY0Ni02ZGNmOGMwMmE0NGQucGRm,2026-08-03,verified,low_evidence,false,2026-08-03T12:00:00Z,2026-08-03T12:00:00Z,1.1.0,來源轉錄碼 SRC-ACT-2023-005；核定表編號 332，PDF 第 2 頁。 原始預定期間：5–11月。 預計受益人數：25；此值不是實際參與人次。 核定金額：新臺幣 95000 元；本 Sprint 不以金額評估成效。 證據只支持方案獲核定與預定執行期間，未查得核銷或成果資料，不得解讀為已執行或完成。
ACT-2024-0001,COM-0010,元宵節活動,culture,臺北市政府社會局核定之「元宵節活動」方案；本紀錄保留核定名稱與預定執行期間。,2024-02-01,2024-02-29,false,,,,,A,113年度推動社區發展及互助共好補助計畫第一階段核定表,https://www-ws.gov.taipei/Download.ashx?icon=..pdf&n=MTEz5bm05bqm5o6o5YuV56S%2B5Y2A55m85bGV5Y%2BK5LqS5Yqp5YWx5aW96KOc5Yqp6KiI55Wr56ys5LiA6ZqO5q615qC45a6a6KGoKDExMzAxMjTmoLjlrpopLnBkZg%3D%3D&u=LzAwMS9VcGxvYWQvMzU4L3JlbGZpbGUvNTc4ODEvOTExMzMyNC81ODRjMjhlMi0zMzBhLTRhYmItYmJkZC1kODVkNWFhYmFmNmYucGRm,2026-08-03,verified,low_evidence,false,2026-08-03T12:00:00Z,2026-08-03T12:00:00Z,1.1.0,來源轉錄碼 SRC-ACT-2024-001；核定表編號 18，PDF 第 2 頁。 原始預定期間：2月擇1日。 預計受益人數：250；此值不是實際參與人次。 核定金額：新臺幣 20000 元；本 Sprint 不以金額評估成效。 證據只支持方案獲核定與預定執行期間，未查得核銷或成果資料，不得解讀為已執行或完成。
ACT-2024-0002,COM-0023,高齡與弱勢關懷暨親子活動,youth_engagement,臺北市政府社會局核定之「高齡與弱勢關懷暨親子活動」方案；本紀錄保留核定名稱與預定執行期間。,,2024-02-24,false,,,,,A,113年度推動社區發展及互助共好補助計畫第一階段核定表,https://www-ws.gov.taipei/Download.ashx?icon=..pdf&n=MTEz5bm05bqm5o6o5YuV56S%2B5Y2A55m85bGV5Y%2BK5LqS5Yqp5YWx5aW96KOc5Yqp6KiI55Wr56ys5LiA6ZqO5q615qC45a6a6KGoKDExMzAxMjTmoLjlrpopLnBkZg%3D%3D&u=LzAwMS9VcGxvYWQvMzU4L3JlbGZpbGUvNTc4ODEvOTExMzMyNC81ODRjMjhlMi0zMzBhLTRhYmItYmJkZC1kODVkNWFhYmFmNmYucGRm,2026-08-03,verified,low_evidence,false,2026-08-03T12:00:00Z,2026-08-03T12:00:00Z,1.1.0,來源轉錄碼 SRC-ACT-2024-002；核定表編號 19，PDF 第 2 頁。 原始預定期間：2月24日前擇1日。 預計受益人數：250；此值不是實際參與人次。 核定金額：新臺幣 20000 元；本 Sprint 不以金額評估成效。 證據只支持方案獲核定與預定執行期間，未查得核銷或成果資料，不得解讀為已執行或完成。
ACT-2024-0003,COM-0004,堀江町社區歡慶活動,culture,臺北市政府社會局核定之「堀江町社區歡慶活動」方案；本紀錄保留核定名稱與預定執行期間。,2024-02-01,2024-06-30,true,,,,,A,113年度推動社區發展及互助共好補助計畫第一階段核定表,https://www-ws.gov.taipei/Download.ashx?icon=..pdf&n=MTEz5bm05bqm5o6o5YuV56S%2B5Y2A55m85bGV5Y%2BK5LqS5Yqp5YWx5aW96KOc5Yqp6KiI55Wr56ys5LiA6ZqO5q615qC45a6a6KGoKDExMzAxMjTmoLjlrpopLnBkZg%3D%3D&u=LzAwMS9VcGxvYWQvMzU4L3JlbGZpbGUvNTc4ODEvOTExMzMyNC81ODRjMjhlMi0zMzBhLTRhYmItYmJkZC1kODVkNWFhYmFmNmYucGRm,2026-08-03,verified,low_evidence,false,2026-08-03T12:00:00Z,2026-08-03T12:00:00Z,1.1.0,來源轉錄碼 SRC-ACT-2024-003；核定表編號 20，PDF 第 2 頁。 原始預定期間：2月及6月各擇1日。 預計受益人數：500；此值不是實際參與人次。 核定金額：新臺幣 20000 元；本 Sprint 不以金額評估成效。 證據只支持方案獲核定與預定執行期間，未查得核銷或成果資料，不得解讀為已執行或完成。
ACT-2024-0004,COM-0017,綠堤里歡慶元宵活動,culture,臺北市政府社會局核定之「綠堤里歡慶元宵活動」方案；本紀錄保留核定名稱與預定執行期間。,2024-02-01,2024-02-29,false,,,,,A,113年度推動社區發展及互助共好補助計畫第一階段核定表,https://www-ws.gov.taipei/Download.ashx?icon=..pdf&n=MTEz5bm05bqm5o6o5YuV56S%2B5Y2A55m85bGV5Y%2BK5LqS5Yqp5YWx5aW96KOc5Yqp6KiI55Wr56ys5LiA6ZqO5q615qC45a6a6KGoKDExMzAxMjTmoLjlrpopLnBkZg%3D%3D&u=LzAwMS9VcGxvYWQvMzU4L3JlbGZpbGUvNTc4ODEvOTExMzMyNC81ODRjMjhlMi0zMzBhLTRhYmItYmJkZC1kODVkNWFhYmFmNmYucGRm,2026-08-03,verified,low_evidence,false,2026-08-03T12:00:00Z,2026-08-03T12:00:00Z,1.1.0,來源轉錄碼 SRC-ACT-2024-004；核定表編號 21，PDF 第 2 頁。 原始預定期間：2月擇1日。 預計受益人數：300；此值不是實際參與人次。 核定金額：新臺幣 20000 元；本 Sprint 不以金額評估成效。 證據只支持方案獲核定與預定執行期間，未查得核銷或成果資料，不得解讀為已執行或完成。
ACT-2024-0005,COM-0011,元宵節活動,culture,臺北市政府社會局核定之「元宵節活動」方案；本紀錄保留核定名稱與預定執行期間。,2024-02-01,2024-02-29,false,,,,,A,113年度推動社區發展及互助共好補助計畫第一階段核定表,https://www-ws.gov.taipei/Download.ashx?icon=..pdf&n=MTEz5bm05bqm5o6o5YuV56S%2B5Y2A55m85bGV5Y%2BK5LqS5Yqp5YWx5aW96KOc5Yqp6KiI55Wr56ys5LiA6ZqO5q615qC45a6a6KGoKDExMzAxMjTmoLjlrpopLnBkZg%3D%3D&u=LzAwMS9VcGxvYWQvMzU4L3JlbGZpbGUvNTc4ODEvOTExMzMyNC81ODRjMjhlMi0zMzBhLTRhYmItYmJkZC1kODVkNWFhYmFmNmYucGRm,2026-08-03,verified,low_evidence,false,2026-08-03T12:00:00Z,2026-08-03T12:00:00Z,1.1.0,來源轉錄碼 SRC-ACT-2024-005；核定表編號 22，PDF 第 3 頁。 原始預定期間：2月擇1日。 預計受益人數：400；此值不是實際參與人次。 核定金額：新臺幣 20000 元；本 Sprint 不以金額評估成效。 證據只支持方案獲核定與預定執行期間，未查得核銷或成果資料，不得解讀為已執行或完成。
ACT-2024-0006,COM-0006,元宵踩街活動,culture,臺北市政府社會局核定之「元宵踩街活動」方案；本紀錄保留核定名稱與預定執行期間。,2024-02-01,2024-02-29,false,,,,,A,113年度推動社區發展及互助共好補助計畫第一階段核定表,https://www-ws.gov.taipei/Download.ashx?icon=..pdf&n=MTEz5bm05bqm5o6o5YuV56S%2B5Y2A55m85bGV5Y%2BK5LqS5Yqp5YWx5aW96KOc5Yqp6KiI55Wr56ys5LiA6ZqO5q615qC45a6a6KGoKDExMzAxMjTmoLjlrpopLnBkZg%3D%3D&u=LzAwMS9VcGxvYWQvMzU4L3JlbGZpbGUvNTc4ODEvOTExMzMyNC81ODRjMjhlMi0zMzBhLTRhYmItYmJkZC1kODVkNWFhYmFmNmYucGRm,2026-08-03,verified,low_evidence,false,2026-08-03T12:00:00Z,2026-08-03T12:00:00Z,1.1.0,來源轉錄碼 SRC-ACT-2024-006；核定表編號 23，PDF 第 3 頁。 原始預定期間：2月擇1日。 預計受益人數：400；此值不是實際參與人次。 核定金額：新臺幣 20000 元；本 Sprint 不以金額評估成效。 證據只支持方案獲核定與預定執行期間，未查得核銷或成果資料，不得解讀為已執行或完成。
ACT-2024-0007,COM-0029,中秋齊心聚團圓,culture,臺北市政府社會局核定之「中秋齊心聚團圓」方案；本紀錄保留核定名稱與預定執行期間。,2024-09-01,2024-09-30,false,,,,,A,113年度推動社區發展及互助共好補助計畫第二階段核定表（萬華區、南港區、中正區）,https://www-ws.gov.taipei/Download.ashx?icon=..pdf&n=MTEz5bm05bqm5o6o5YuV56S%2B5Y2A55m85bGV5Y%2BK5LqS5Yqp5YWx5aW96KOc5Yqp6KiI55Wr56ys5LqM6ZqO5q615qC45a6a6KGoLeS4reato%2BiQrOiPr%2BWNl%2Ba4rygxMTMwMzIy5qC45a6aKS5wZGY%3D&u=LzAwMS9VcGxvYWQvMzU4L3JlbGZpbGUvNTc4ODEvOTE0MjI4Ny9jZGQyNDcyNi0zYzExLTQ4ZDYtOGMzNy0zYjhiMzI0N2FlNTcucGRm,2026-08-03,verified,low_evidence,false,2026-08-03T12:00:00Z,2026-08-03T12:00:00Z,1.1.0,來源轉錄碼 SRC-ACT-2024-007；核定表編號 46，PDF 第 1 頁。 原始預定期間：9月擇1日。 預計受益人數：500；此值不是實際參與人次。 核定金額：新臺幣 20000 元；本 Sprint 不以金額評估成效。 證據只支持方案獲核定與預定執行期間，未查得核銷或成果資料，不得解讀為已執行或完成。
ACT-2024-0008,COM-0018,苗栗縣卓越塭內社區發展協會參訪,education,臺北市政府社會局核定之「苗栗縣卓越塭內社區發展協會參訪」方案；本紀錄保留核定名稱與預定執行期間。,2024-05-01,2024-11-30,true,,,,,A,113年度推動社區發展及互助共好補助計畫第二階段核定表（萬華區、南港區、中正區）,https://www-ws.gov.taipei/Download.ashx?icon=..pdf&n=MTEz5bm05bqm5o6o5YuV56S%2B5Y2A55m85bGV5Y%2BK5LqS5Yqp5YWx5aW96KOc5Yqp6KiI55Wr56ys5LqM6ZqO5q615qC45a6a6KGoLeS4reato%2BiQrOiPr%2BWNl%2Ba4rygxMTMwMzIy5qC45a6aKS5wZGY%3D&u=LzAwMS9VcGxvYWQvMzU4L3JlbGZpbGUvNTc4ODEvOTE0MjI4Ny9jZGQyNDcyNi0zYzExLTQ4ZDYtOGMzNy0zYjhiMzI0N2FlNTcucGRm,2026-08-03,verified,low_evidence,false,2026-08-03T12:00:00Z,2026-08-03T12:00:00Z,1.1.0,來源轉錄碼 SRC-ACT-2024-008；核定表編號 47，PDF 第 1 頁。 原始預定期間：5–11月擇2日。 預計受益人數：32；此值不是實際參與人次。 核定金額：新臺幣 20000 元；本 Sprint 不以金額評估成效。 證據只支持方案獲核定與預定執行期間，未查得核銷或成果資料，不得解讀為已執行或完成。
ACT-2024-0009,COM-0026,友善社區重陽敬老活動,culture,臺北市政府社會局核定之「友善社區重陽敬老活動」方案；本紀錄保留核定名稱與預定執行期間。,2024-10-01,2024-10-31,false,,,,,A,113年度推動社區發展及互助共好補助計畫第二階段核定表（萬華區、南港區、中正區）,https://www-ws.gov.taipei/Download.ashx?icon=..pdf&n=MTEz5bm05bqm5o6o5YuV56S%2B5Y2A55m85bGV5Y%2BK5LqS5Yqp5YWx5aW96KOc5Yqp6KiI55Wr56ys5LqM6ZqO5q615qC45a6a6KGoLeS4reato%2BiQrOiPr%2BWNl%2Ba4rygxMTMwMzIy5qC45a6aKS5wZGY%3D&u=LzAwMS9VcGxvYWQvMzU4L3JlbGZpbGUvNTc4ODEvOTE0MjI4Ny9jZGQyNDcyNi0zYzExLTQ4ZDYtOGMzNy0zYjhiMzI0N2FlNTcucGRm,2026-08-03,verified,low_evidence,false,2026-08-03T12:00:00Z,2026-08-03T12:00:00Z,1.1.0,來源轉錄碼 SRC-ACT-2024-009；核定表編號 48，PDF 第 1 頁。 原始預定期間：10月擇1日。 預計受益人數：500；此值不是實際參與人次。 核定金額：新臺幣 20000 元；本 Sprint 不以金額評估成效。 證據只支持方案獲核定與預定執行期間，未查得核銷或成果資料，不得解讀為已執行或完成。
ACT-2024-0010,COM-0030,臺南市南區金華社區觀摩,education,臺北市政府社會局核定之「臺南市南區金華社區觀摩」方案；本紀錄保留核定名稱與預定執行期間。,2024-03-01,2024-12-31,false,,,,,A,113年度推動社區發展及互助共好補助計畫第二階段核定表（萬華區、南港區、中正區）,https://www-ws.gov.taipei/Download.ashx?icon=..pdf&n=MTEz5bm05bqm5o6o5YuV56S%2B5Y2A55m85bGV5Y%2BK5LqS5Yqp5YWx5aW96KOc5Yqp6KiI55Wr56ys5LqM6ZqO5q615qC45a6a6KGoLeS4reato%2BiQrOiPr%2BWNl%2Ba4rygxMTMwMzIy5qC45a6aKS5wZGY%3D&u=LzAwMS9VcGxvYWQvMzU4L3JlbGZpbGUvNTc4ODEvOTE0MjI4Ny9jZGQyNDcyNi0zYzExLTQ4ZDYtOGMzNy0zYjhiMzI0N2FlNTcucGRm,2026-08-03,verified,low_evidence,false,2026-08-03T12:00:00Z,2026-08-03T12:00:00Z,1.1.0,來源轉錄碼 SRC-ACT-2024-010；核定表編號 49，PDF 第 1 頁。 原始預定期間：3–12月擇1日。 預計受益人數：40；此值不是實際參與人次。 核定金額：新臺幣 20000 元；本 Sprint 不以金額評估成效。 證據只支持方案獲核定與預定執行期間，未查得核銷或成果資料，不得解讀為已執行或完成。
ACT-2024-0011,COM-0001,月圓花好歡唱活動,culture,臺北市政府社會局核定之「月圓花好歡唱活動」方案；本紀錄保留核定名稱與預定執行期間。,2024-09-01,2024-10-31,false,,,,,A,113年度推動社區發展及互助共好補助計畫第二階段核定表（萬華區、南港區、中正區）,https://www-ws.gov.taipei/Download.ashx?icon=..pdf&n=MTEz5bm05bqm5o6o5YuV56S%2B5Y2A55m85bGV5Y%2BK5LqS5Yqp5YWx5aW96KOc5Yqp6KiI55Wr56ys5LqM6ZqO5q615qC45a6a6KGoLeS4reato%2BiQrOiPr%2BWNl%2Ba4rygxMTMwMzIy5qC45a6aKS5wZGY%3D&u=LzAwMS9VcGxvYWQvMzU4L3JlbGZpbGUvNTc4ODEvOTE0MjI4Ny9jZGQyNDcyNi0zYzExLTQ4ZDYtOGMzNy0zYjhiMzI0N2FlNTcucGRm,2026-08-03,verified,low_evidence,false,2026-08-03T12:00:00Z,2026-08-03T12:00:00Z,1.1.0,來源轉錄碼 SRC-ACT-2024-011；核定表編號 50，PDF 第 1 頁。 原始預定期間：9–10月擇1日。 預計受益人數：200；此值不是實際參與人次。 核定金額：新臺幣 20000 元；本 Sprint 不以金額評估成效。 證據只支持方案獲核定與預定執行期間，未查得核銷或成果資料，不得解讀為已執行或完成。
ACT-2024-0012,COM-0015,臺北市萬華區福音社區發展協會社區參訪活動,education,臺北市政府社會局核定之「臺北市萬華區福音社區發展協會社區參訪活動」方案；本紀錄保留核定名稱與預定執行期間。,2024-04-01,2024-05-31,false,,,,,A,113年度推動社區發展及互助共好補助計畫第二階段核定表（萬華區、南港區、中正區）,https://www-ws.gov.taipei/Download.ashx?icon=..pdf&n=MTEz5bm05bqm5o6o5YuV56S%2B5Y2A55m85bGV5Y%2BK5LqS5Yqp5YWx5aW96KOc5Yqp6KiI55Wr56ys5LqM6ZqO5q615qC45a6a6KGoLeS4reato%2BiQrOiPr%2BWNl%2Ba4rygxMTMwMzIy5qC45a6aKS5wZGY%3D&u=LzAwMS9VcGxvYWQvMzU4L3JlbGZpbGUvNTc4ODEvOTE0MjI4Ny9jZGQyNDcyNi0zYzExLTQ4ZDYtOGMzNy0zYjhiMzI0N2FlNTcucGRm,2026-08-03,verified,low_evidence,false,2026-08-03T12:00:00Z,2026-08-03T12:00:00Z,1.1.0,來源轉錄碼 SRC-ACT-2024-012；核定表編號 51，PDF 第 1 頁。 原始預定期間：4–5月擇1日。 預計受益人數：40；此值不是實際參與人次。 核定金額：新臺幣 20000 元；本 Sprint 不以金額評估成效。 證據只支持方案獲核定與預定執行期間，未查得核銷或成果資料，不得解讀為已執行或完成。
ACT-2024-0013,COM-0013,烘焙研習班,education,臺北市政府社會局核定之「烘焙研習班」方案；本紀錄保留核定名稱與預定執行期間。,2024-04-01,2024-06-30,true,,,,,A,113年度推動社區發展及互助共好補助計畫第二階段核定表（萬華區、南港區、中正區）,https://www-ws.gov.taipei/Download.ashx?icon=..pdf&n=MTEz5bm05bqm5o6o5YuV56S%2B5Y2A55m85bGV5Y%2BK5LqS5Yqp5YWx5aW96KOc5Yqp6KiI55Wr56ys5LqM6ZqO5q615qC45a6a6KGoLeS4reato%2BiQrOiPr%2BWNl%2Ba4rygxMTMwMzIy5qC45a6aKS5wZGY%3D&u=LzAwMS9VcGxvYWQvMzU4L3JlbGZpbGUvNTc4ODEvOTE0MjI4Ny9jZGQyNDcyNi0zYzExLTQ4ZDYtOGMzNy0zYjhiMzI0N2FlNTcucGRm,2026-08-03,verified,low_evidence,false,2026-08-03T12:00:00Z,2026-08-03T12:00:00Z,1.1.0,來源轉錄碼 SRC-ACT-2024-013；核定表編號 52，PDF 第 2 頁。 原始預定期間：4–6月。 預計受益人數：20；此值不是實際參與人次。 核定金額：新臺幣 14400 元；本 Sprint 不以金額評估成效。 證據只支持方案獲核定與預定執行期間，未查得核銷或成果資料，不得解讀為已執行或完成。
ACT-2024-0014,COM-0013,績優社區觀摩,education,臺北市政府社會局核定之「績優社區觀摩」方案；本紀錄保留核定名稱與預定執行期間。,2024-06-01,2024-06-30,false,,,,,A,113年度推動社區發展及互助共好補助計畫第二階段核定表（萬華區、南港區、中正區）,https://www-ws.gov.taipei/Download.ashx?icon=..pdf&n=MTEz5bm05bqm5o6o5YuV56S%2B5Y2A55m85bGV5Y%2BK5LqS5Yqp5YWx5aW96KOc5Yqp6KiI55Wr56ys5LqM6ZqO5q615qC45a6a6KGoLeS4reato%2BiQrOiPr%2BWNl%2Ba4rygxMTMwMzIy5qC45a6aKS5wZGY%3D&u=LzAwMS9VcGxvYWQvMzU4L3JlbGZpbGUvNTc4ODEvOTE0MjI4Ny9jZGQyNDcyNi0zYzExLTQ4ZDYtOGMzNy0zYjhiMzI0N2FlNTcucGRm,2026-08-03,verified,low_evidence,false,2026-08-03T12:00:00Z,2026-08-03T12:00:00Z,1.1.0,來源轉錄碼 SRC-ACT-2024-014；核定表編號 53，PDF 第 2 頁。 原始預定期間：6月擇1日。 預計受益人數：30；此值不是實際參與人次。 核定金額：新臺幣 15600 元；本 Sprint 不以金額評估成效。 證據只支持方案獲核定與預定執行期間，未查得核銷或成果資料，不得解讀為已執行或完成。
ACT-2024-0015,COM-0032,愛在孝德姊姊妹妹舞蹈班,health_promotion,臺北市政府社會局核定之「愛在孝德姊姊妹妹舞蹈班」方案；本紀錄保留核定名稱與預定執行期間。,2024-04-01,2024-12-31,true,,,,,A,113年度推動社區發展及互助共好補助計畫第二階段核定表（萬華區、南港區、中正區）,https://www-ws.gov.taipei/Download.ashx?icon=..pdf&n=MTEz5bm05bqm5o6o5YuV56S%2B5Y2A55m85bGV5Y%2BK5LqS5Yqp5YWx5aW96KOc5Yqp6KiI55Wr56ys5LqM6ZqO5q615qC45a6a6KGoLeS4reato%2BiQrOiPr%2BWNl%2Ba4rygxMTMwMzIy5qC45a6aKS5wZGY%3D&u=LzAwMS9VcGxvYWQvMzU4L3JlbGZpbGUvNTc4ODEvOTE0MjI4Ny9jZGQyNDcyNi0zYzExLTQ4ZDYtOGMzNy0zYjhiMzI0N2FlNTcucGRm,2026-08-03,verified,low_evidence,false,2026-08-03T12:00:00Z,2026-08-03T12:00:00Z,1.1.0,來源轉錄碼 SRC-ACT-2024-015；核定表編號 54，PDF 第 2 頁。 原始預定期間：4–12月。 預計受益人數：20；此值不是實際參與人次。 核定金額：新臺幣 20000 元；本 Sprint 不以金額評估成效。 證據只支持方案獲核定與預定執行期間，未查得核銷或成果資料，不得解讀為已執行或完成。
ACT-2024-0016,COM-0032,愛在孝德月圓人團圓,culture,臺北市政府社會局核定之「愛在孝德月圓人團圓」方案；本紀錄保留核定名稱與預定執行期間。,2024-09-01,2024-09-30,false,,,,,A,113年度推動社區發展及互助共好補助計畫第二階段核定表（萬華區、南港區、中正區）,https://www-ws.gov.taipei/Download.ashx?icon=..pdf&n=MTEz5bm05bqm5o6o5YuV56S%2B5Y2A55m85bGV5Y%2BK5LqS5Yqp5YWx5aW96KOc5Yqp6KiI55Wr56ys5LqM6ZqO5q615qC45a6a6KGoLeS4reato%2BiQrOiPr%2BWNl%2Ba4rygxMTMwMzIy5qC45a6aKS5wZGY%3D&u=LzAwMS9VcGxvYWQvMzU4L3JlbGZpbGUvNTc4ODEvOTE0MjI4Ny9jZGQyNDcyNi0zYzExLTQ4ZDYtOGMzNy0zYjhiMzI0N2FlNTcucGRm,2026-08-03,verified,low_evidence,false,2026-08-03T12:00:00Z,2026-08-03T12:00:00Z,1.1.0,來源轉錄碼 SRC-ACT-2024-016；核定表編號 55，PDF 第 2 頁。 原始預定期間：9月擇1日。 預計受益人數：250；此值不是實際參與人次。 核定金額：新臺幣 20000 元；本 Sprint 不以金額評估成效。 證據只支持方案獲核定與預定執行期間，未查得核銷或成果資料，不得解讀為已執行或完成。
ACT-2024-0017,COM-0024,新竹縣芎林永興社區參訪,education,臺北市政府社會局核定之「新竹縣芎林永興社區參訪」方案；本紀錄保留核定名稱與預定執行期間。,2024-04-01,2024-06-30,false,,,,,A,113年度推動社區發展及互助共好補助計畫第二階段核定表（萬華區、南港區、中正區）,https://www-ws.gov.taipei/Download.ashx?icon=..pdf&n=MTEz5bm05bqm5o6o5YuV56S%2B5Y2A55m85bGV5Y%2BK5LqS5Yqp5YWx5aW96KOc5Yqp6KiI55Wr56ys5LqM6ZqO5q615qC45a6a6KGoLeS4reato%2BiQrOiPr%2BWNl%2Ba4rygxMTMwMzIy5qC45a6aKS5wZGY%3D&u=LzAwMS9VcGxvYWQvMzU4L3JlbGZpbGUvNTc4ODEvOTE0MjI4Ny9jZGQyNDcyNi0zYzExLTQ4ZDYtOGMzNy0zYjhiMzI0N2FlNTcucGRm,2026-08-03,verified,low_evidence,false,2026-08-03T12:00:00Z,2026-08-03T12:00:00Z,1.1.0,來源轉錄碼 SRC-ACT-2024-017；核定表編號 56，PDF 第 2 頁。 原始預定期間：4–6月擇1日。 預計受益人數：42；此值不是實際參與人次。 核定金額：新臺幣 20000 元；本 Sprint 不以金額評估成效。 證據只支持方案獲核定與預定執行期間，未查得核銷或成果資料，不得解讀為已執行或完成。
ACT-2024-0018,COM-0024,手機使用教學,digital_learning,臺北市政府社會局核定之「手機使用教學」方案；本紀錄保留核定名稱與預定執行期間。,2024-09-01,2024-11-30,true,,,,,A,113年度推動社區發展及互助共好補助計畫第二階段核定表（萬華區、南港區、中正區）,https://www-ws.gov.taipei/Download.ashx?icon=..pdf&n=MTEz5bm05bqm5o6o5YuV56S%2B5Y2A55m85bGV5Y%2BK5LqS5Yqp5YWx5aW96KOc5Yqp6KiI55Wr56ys5LqM6ZqO5q615qC45a6a6KGoLeS4reato%2BiQrOiPr%2BWNl%2Ba4rygxMTMwMzIy5qC45a6aKS5wZGY%3D&u=LzAwMS9VcGxvYWQvMzU4L3JlbGZpbGUvNTc4ODEvOTE0MjI4Ny9jZGQyNDcyNi0zYzExLTQ4ZDYtOGMzNy0zYjhiMzI0N2FlNTcucGRm,2026-08-03,verified,low_evidence,false,2026-08-03T12:00:00Z,2026-08-03T12:00:00Z,1.1.0,來源轉錄碼 SRC-ACT-2024-018；核定表編號 57，PDF 第 2 頁。 原始預定期間：9–11月。 預計受益人數：20；此值不是實際參與人次。 核定金額：新臺幣 20000 元；本 Sprint 不以金額評估成效。 證據只支持方案獲核定與預定執行期間，未查得核銷或成果資料，不得解讀為已執行或完成。
ACT-2024-0019,COM-0007,長青樂活班,health_promotion,臺北市政府社會局核定之「長青樂活班」方案；本紀錄保留核定名稱與預定執行期間。,2024-03-01,2024-12-31,true,,,,,A,113年度推動社區發展及互助共好補助計畫第二階段核定表（萬華區、南港區、中正區）,https://www-ws.gov.taipei/Download.ashx?icon=..pdf&n=MTEz5bm05bqm5o6o5YuV56S%2B5Y2A55m85bGV5Y%2BK5LqS5Yqp5YWx5aW96KOc5Yqp6KiI55Wr56ys5LqM6ZqO5q615qC45a6a6KGoLeS4reato%2BiQrOiPr%2BWNl%2Ba4rygxMTMwMzIy5qC45a6aKS5wZGY%3D&u=LzAwMS9VcGxvYWQvMzU4L3JlbGZpbGUvNTc4ODEvOTE0MjI4Ny9jZGQyNDcyNi0zYzExLTQ4ZDYtOGMzNy0zYjhiMzI0N2FlNTcucGRm,2026-08-03,verified,low_evidence,false,2026-08-03T12:00:00Z,2026-08-03T12:00:00Z,1.1.0,來源轉錄碼 SRC-ACT-2024-019；核定表編號 58，PDF 第 2 頁。 原始預定期間：3–12月。 預計受益人數：30；此值不是實際參與人次。 核定金額：新臺幣 20000 元；本 Sprint 不以金額評估成效。 證據只支持方案獲核定與預定執行期間，未查得核銷或成果資料，不得解讀為已執行或完成。
ACT-2024-0020,COM-0005,有氧樂齡操課程,health_promotion,臺北市政府社會局核定之「有氧樂齡操課程」方案；本紀錄保留核定名稱與預定執行期間。,2024-07-01,2024-09-30,true,,,,,A,113年度推動社區發展及互助共好補助計畫第二階段核定表（萬華區、南港區、中正區）,https://www-ws.gov.taipei/Download.ashx?icon=..pdf&n=MTEz5bm05bqm5o6o5YuV56S%2B5Y2A55m85bGV5Y%2BK5LqS5Yqp5YWx5aW96KOc5Yqp6KiI55Wr56ys5LqM6ZqO5q615qC45a6a6KGoLeS4reato%2BiQrOiPr%2BWNl%2Ba4rygxMTMwMzIy5qC45a6aKS5wZGY%3D&u=LzAwMS9VcGxvYWQvMzU4L3JlbGZpbGUvNTc4ODEvOTE0MjI4Ny9jZGQyNDcyNi0zYzExLTQ4ZDYtOGMzNy0zYjhiMzI0N2FlNTcucGRm,2026-08-03,verified,low_evidence,false,2026-08-03T12:00:00Z,2026-08-03T12:00:00Z,1.1.0,來源轉錄碼 SRC-ACT-2024-020；核定表編號 73，PDF 第 3 頁。 原始預定期間：7–9月。 預計受益人數：20；此值不是實際參與人次。 核定金額：新臺幣 20000 元；本 Sprint 不以金額評估成效。 證據只支持方案獲核定與預定執行期間，未查得核銷或成果資料，不得解讀為已執行或完成。
ACT-2024-0021,COM-0005,社區入戶關懷訪視及共好小站,care_service,臺北市政府社會局核定之「社區入戶關懷訪視及共好小站」方案；本紀錄保留核定名稱與預定執行期間。,2024-03-01,2024-07-31,true,,,,,A,113年度推動社區發展及互助共好補助計畫第二階段核定表（萬華區、南港區、中正區）,https://www-ws.gov.taipei/Download.ashx?icon=..pdf&n=MTEz5bm05bqm5o6o5YuV56S%2B5Y2A55m85bGV5Y%2BK5LqS5Yqp5YWx5aW96KOc5Yqp6KiI55Wr56ys5LqM6ZqO5q615qC45a6a6KGoLeS4reato%2BiQrOiPr%2BWNl%2Ba4rygxMTMwMzIy5qC45a6aKS5wZGY%3D&u=LzAwMS9VcGxvYWQvMzU4L3JlbGZpbGUvNTc4ODEvOTE0MjI4Ny9jZGQyNDcyNi0zYzExLTQ4ZDYtOGMzNy0zYjhiMzI0N2FlNTcucGRm,2026-08-03,verified,low_evidence,false,2026-08-03T12:00:00Z,2026-08-03T12:00:00Z,1.1.0,來源轉錄碼 SRC-ACT-2024-021；核定表編號 74，PDF 第 4 頁。 原始預定期間：3–7月。 預計受益人數：155；此值不是實際參與人次。 核定金額：新臺幣 30000 元；本 Sprint 不以金額評估成效。 證據只支持方案獲核定與預定執行期間，未查得核銷或成果資料，不得解讀為已執行或完成。
ACT-2024-0022,COM-0011,社區共好小站服務培力,care_service,臺北市政府社會局核定之「社區共好小站服務培力」方案；本紀錄保留核定名稱與預定執行期間。,2024-04-01,2024-07-31,true,,,,,A,113年度推動社區發展及互助共好補助計畫第二階段核定表（萬華區、南港區、中正區）,https://www-ws.gov.taipei/Download.ashx?icon=..pdf&n=MTEz5bm05bqm5o6o5YuV56S%2B5Y2A55m85bGV5Y%2BK5LqS5Yqp5YWx5aW96KOc5Yqp6KiI55Wr56ys5LqM6ZqO5q615qC45a6a6KGoLeS4reato%2BiQrOiPr%2BWNl%2Ba4rygxMTMwMzIy5qC45a6aKS5wZGY%3D&u=LzAwMS9VcGxvYWQvMzU4L3JlbGZpbGUvNTc4ODEvOTE0MjI4Ny9jZGQyNDcyNi0zYzExLTQ4ZDYtOGMzNy0zYjhiMzI0N2FlNTcucGRm,2026-08-03,verified,low_evidence,false,2026-08-03T12:00:00Z,2026-08-03T12:00:00Z,1.1.0,來源轉錄碼 SRC-ACT-2024-022；核定表編號 75，PDF 第 4 頁。 原始預定期間：4–7月。 預計受益人數：100；此值不是實際參與人次。 核定金額：新臺幣 10000 元；本 Sprint 不以金額評估成效。 證據只支持方案獲核定與預定執行期間，未查得核銷或成果資料，不得解讀為已執行或完成。
ACT-2024-0023,COM-0011,社區友善共好增能培力,volunteer_service,臺北市政府社會局核定之「社區友善共好增能培力」方案；本紀錄保留核定名稱與預定執行期間。,2024-03-01,2024-06-30,true,,,,,A,113年度推動社區發展及互助共好補助計畫第二階段核定表（萬華區、南港區、中正區）,https://www-ws.gov.taipei/Download.ashx?icon=..pdf&n=MTEz5bm05bqm5o6o5YuV56S%2B5Y2A55m85bGV5Y%2BK5LqS5Yqp5YWx5aW96KOc5Yqp6KiI55Wr56ys5LqM6ZqO5q615qC45a6a6KGoLeS4reato%2BiQrOiPr%2BWNl%2Ba4rygxMTMwMzIy5qC45a6aKS5wZGY%3D&u=LzAwMS9VcGxvYWQvMzU4L3JlbGZpbGUvNTc4ODEvOTE0MjI4Ny9jZGQyNDcyNi0zYzExLTQ4ZDYtOGMzNy0zYjhiMzI0N2FlNTcucGRm,2026-08-03,verified,low_evidence,false,2026-08-03T12:00:00Z,2026-08-03T12:00:00Z,1.1.0,來源轉錄碼 SRC-ACT-2024-023；核定表編號 76，PDF 第 4 頁。 原始預定期間：3–6月。 預計受益人數：20；此值不是實際參與人次。 核定金額：新臺幣 39100 元；本 Sprint 不以金額評估成效。 證據只支持方案獲核定與預定執行期間，未查得核銷或成果資料，不得解讀為已執行或完成。
ACT-2024-0024,COM-0005,志力互助增能 GO,volunteer_service,臺北市政府社會局核定之「志力互助增能 GO」方案；本紀錄保留核定名稱與預定執行期間。,2024-05-01,2024-07-31,true,,,,,A,113年度推動社區發展及互助共好補助計畫第二階段核定表（萬華區、南港區、中正區）,https://www-ws.gov.taipei/Download.ashx?icon=..pdf&n=MTEz5bm05bqm5o6o5YuV56S%2B5Y2A55m85bGV5Y%2BK5LqS5Yqp5YWx5aW96KOc5Yqp6KiI55Wr56ys5LqM6ZqO5q615qC45a6a6KGoLeS4reato%2BiQrOiPr%2BWNl%2Ba4rygxMTMwMzIy5qC45a6aKS5wZGY%3D&u=LzAwMS9VcGxvYWQvMzU4L3JlbGZpbGUvNTc4ODEvOTE0MjI4Ny9jZGQyNDcyNi0zYzExLTQ4ZDYtOGMzNy0zYjhiMzI0N2FlNTcucGRm,2026-08-03,verified,low_evidence,false,2026-08-03T12:00:00Z,2026-08-03T12:00:00Z,1.1.0,來源轉錄碼 SRC-ACT-2024-024；核定表編號 77，PDF 第 4 頁。 原始預定期間：5–7月。 預計受益人數：15；此值不是實際參與人次。 核定金額：新臺幣 36600 元；本 Sprint 不以金額評估成效。 證據只支持方案獲核定與預定執行期間，未查得核銷或成果資料，不得解讀為已執行或完成。
ACT-2024-0025,COM-0007,志工團隊培力方案,volunteer_service,臺北市政府社會局核定之「志工團隊培力方案」方案；本紀錄保留核定名稱與預定執行期間。,2024-03-01,2024-10-31,true,,,,,A,113年度推動社區發展及互助共好補助計畫第二階段核定表（萬華區、南港區、中正區）,https://www-ws.gov.taipei/Download.ashx?icon=..pdf&n=MTEz5bm05bqm5o6o5YuV56S%2B5Y2A55m85bGV5Y%2BK5LqS5Yqp5YWx5aW96KOc5Yqp6KiI55Wr56ys5LqM6ZqO5q615qC45a6a6KGoLeS4reato%2BiQrOiPr%2BWNl%2Ba4rygxMTMwMzIy5qC45a6aKS5wZGY%3D&u=LzAwMS9VcGxvYWQvMzU4L3JlbGZpbGUvNTc4ODEvOTE0MjI4Ny9jZGQyNDcyNi0zYzExLTQ4ZDYtOGMzNy0zYjhiMzI0N2FlNTcucGRm,2026-08-03,verified,low_evidence,false,2026-08-03T12:00:00Z,2026-08-03T12:00:00Z,1.1.0,來源轉錄碼 SRC-ACT-2024-025；核定表編號 78，PDF 第 4 頁。 原始預定期間：3–10月。 預計受益人數：20；此值不是實際參與人次。 核定金額：新臺幣 36540 元；本 Sprint 不以金額評估成效。 證據只支持方案獲核定與預定執行期間，未查得核銷或成果資料，不得解讀為已執行或完成。
ACT-2024-0026,COM-0007,入戶關懷暨高齡長者敬老關懷活動,care_service,臺北市政府社會局核定之「入戶關懷暨高齡長者敬老關懷活動」方案；本紀錄保留核定名稱與預定執行期間。,2024-04-01,2024-10-31,true,,,,,A,113年度推動社區發展及互助共好補助計畫第二階段核定表（萬華區、南港區、中正區）,https://www-ws.gov.taipei/Download.ashx?icon=..pdf&n=MTEz5bm05bqm5o6o5YuV56S%2B5Y2A55m85bGV5Y%2BK5LqS5Yqp5YWx5aW96KOc5Yqp6KiI55Wr56ys5LqM6ZqO5q615qC45a6a6KGoLeS4reato%2BiQrOiPr%2BWNl%2Ba4rygxMTMwMzIy5qC45a6aKS5wZGY%3D&u=LzAwMS9VcGxvYWQvMzU4L3JlbGZpbGUvNTc4ODEvOTE0MjI4Ny9jZGQyNDcyNi0zYzExLTQ4ZDYtOGMzNy0zYjhiMzI0N2FlNTcucGRm,2026-08-03,verified,low_evidence,false,2026-08-03T12:00:00Z,2026-08-03T12:00:00Z,1.1.0,來源轉錄碼 SRC-ACT-2024-026；核定表編號 79，PDF 第 4 頁。 原始預定期間：4–10月。 預計受益人數：130；此值不是實際參與人次。 核定金額：新臺幣 40000 元；本 Sprint 不以金額評估成效。 證據只支持方案獲核定與預定執行期間，未查得核銷或成果資料，不得解讀為已執行或完成。
ACT-2024-0027,COM-0023,社區多元關懷服務,care_service,臺北市政府社會局核定之「社區多元關懷服務」方案；本紀錄保留核定名稱與預定執行期間。,2024-01-01,2024-12-31,true,,,,,A,113年度推動社區發展及互助共好補助計畫專案五專案六第一階段核定表,https://www-ws.gov.taipei/Download.ashx?icon=..pdf&n=MTEz5bm05bqm5o6o5YuV56S%2B5Y2A55m85bGV5Y%2BK5LqS5Yqp5YWx5aW96KOc5Yqp6KiI55Wr5bCI5qGI5LqU5bCI5qGI5YWt56ys5LiA6ZqO5q615qC45a6a6KGoLnBkZg%3D%3D&u=LzAwMS9VcGxvYWQvMzU4L3JlbGZpbGUvNTc4ODEvOTE2NTc5MC9jZGE5ODc0Ni1jMjA1LTQ1MmYtOTBhOC0zMDA5NTBmMDEzYmEucGRm,2026-08-03,verified,low_evidence,false,2026-08-03T12:00:00Z,2026-08-03T12:00:00Z,1.1.0,來源轉錄碼 SRC-ACT-2024-027；核定表編號 13，PDF 第 3 頁。 原始預定期間：1–12月。 核定金額：新臺幣 550000 元；本 Sprint 不以金額評估成效。 證據只支持方案獲核定與預定執行期間，未查得核銷或成果資料，不得解讀為已執行或完成。
ACT-2024-0028,COM-0005,互助共好社區生活方案,care_service,臺北市政府社會局核定之「互助共好社區生活方案」方案；本紀錄保留核定名稱與預定執行期間。,2024-01-16,2024-12-31,true,,,,,A,113年度推動社區發展及互助共好補助計畫專案五專案六第一階段核定表,https://www-ws.gov.taipei/Download.ashx?icon=..pdf&n=MTEz5bm05bqm5o6o5YuV56S%2B5Y2A55m85bGV5Y%2BK5LqS5Yqp5YWx5aW96KOc5Yqp6KiI55Wr5bCI5qGI5LqU5bCI5qGI5YWt56ys5LiA6ZqO5q615qC45a6a6KGoLnBkZg%3D%3D&u=LzAwMS9VcGxvYWQvMzU4L3JlbGZpbGUvNTc4ODEvOTE2NTc5MC9jZGE5ODc0Ni1jMjA1LTQ1MmYtOTBhOC0zMDA5NTBmMDEzYmEucGRm,2026-08-03,verified,low_evidence,false,2026-08-03T12:00:00Z,2026-08-03T12:00:00Z,1.1.0,來源轉錄碼 SRC-ACT-2024-028；核定表編號 14，PDF 第 3 頁。 原始預定期間：1月16日–12月。 核定金額：新臺幣 200000 元；本 Sprint 不以金額評估成效。 證據只支持方案獲核定與預定執行期間，未查得核銷或成果資料，不得解讀為已執行或完成。
ACT-2024-0029,COM-0007,新忠社區互助共好大家庭,care_service,臺北市政府社會局核定之「新忠社區互助共好大家庭」方案；本紀錄保留核定名稱與預定執行期間。,2024-01-01,2024-12-31,true,,,,,A,113年度推動社區發展及互助共好補助計畫專案五專案六第一階段核定表,https://www-ws.gov.taipei/Download.ashx?icon=..pdf&n=MTEz5bm05bqm5o6o5YuV56S%2B5Y2A55m85bGV5Y%2BK5LqS5Yqp5YWx5aW96KOc5Yqp6KiI55Wr5bCI5qGI5LqU5bCI5qGI5YWt56ys5LiA6ZqO5q615qC45a6a6KGoLnBkZg%3D%3D&u=LzAwMS9VcGxvYWQvMzU4L3JlbGZpbGUvNTc4ODEvOTE2NTc5MC9jZGE5ODc0Ni1jMjA1LTQ1MmYtOTBhOC0zMDA5NTBmMDEzYmEucGRm,2026-08-03,verified,low_evidence,false,2026-08-03T12:00:00Z,2026-08-03T12:00:00Z,1.1.0,來源轉錄碼 SRC-ACT-2024-029；核定表編號 15，PDF 第 3 頁。 原始預定期間：1–12月。 核定金額：新臺幣 500000 元；本 Sprint 不以金額評估成效。 證據只支持方案獲核定與預定執行期間，未查得核銷或成果資料，不得解讀為已執行或完成。
ACT-2024-0030,COM-0010,社區互助關懷、共創美好社區,care_service,臺北市政府社會局核定之「社區互助關懷、共創美好社區」方案；本紀錄保留核定名稱與預定執行期間。,2024-01-01,2024-12-31,true,,,,,A,113年度推動社區發展及互助共好補助計畫專案五專案六第二階段核定表,https://www-ws.gov.taipei/Download.ashx?icon=..pdf&n=MTEz5bm05bqm5o6o5YuV56S%2B5Y2A55m85bGV5Y%2BK5LqS5Yqp5YWx5aW96KOc5Yqp6KiI55Wr5bCI5qGI5LqU5bCI5qGI5YWt56ys5LqM6ZqO5q615qC45a6a6KGoLnBkZg%3D%3D&u=LzAwMS9VcGxvYWQvMzU4L3JlbGZpbGUvNTc4ODEvOTE2NTc5MC82YzQ0YTE3MC1lOTdlLTQ5MGUtYjYzNS02MzIxYTAxZjQwNDkucGRm,2026-08-03,verified,low_evidence,false,2026-08-03T12:00:00Z,2026-08-03T12:00:00Z,1.1.0,來源轉錄碼 SRC-ACT-2024-030；核定表編號 50，PDF 第 1 頁。 原始預定期間：1–12月。 核定金額：新臺幣 450000 元；本 Sprint 不以金額評估成效。 證據只支持方案獲核定與預定執行期間，未查得核銷或成果資料，不得解讀為已執行或完成。
ACT-2025-0001,COM-0004,堀江町社區歡慶活動,culture,臺北市政府社會局核定之「堀江町社區歡慶活動」方案；本紀錄保留核定名稱與預定執行期間。,2025-02-01,2025-05-31,true,,,,,A,114年度推動社區發展及互助共好補助計畫第一階段核定表,https://www-ws.gov.taipei/Download.ashx?icon=..pdf&n=MTE05bm05bqm56S%2B5Y2A55m85bGV5Y%2BK5LqS5Yqp5YWx5aW96KOc5Yqp6KiI55Wr56ys5LiA6ZqO5q615qC45a6a6KGoLnBkZg%3D%3D&u=LzAwMS9VcGxvYWQvMzU4L3JlbGZpbGUvNTc4ODEvOTM0NzQ3MS85NDI4MWFhZC0zMTZhLTQ2YWYtOTIyZi1iNDBmYjU4MjY2ZTEucGRm,2026-08-03,verified,low_evidence,false,2026-08-03T12:00:00Z,2026-08-03T12:00:00Z,1.1.0,來源轉錄碼 SRC-ACT-2025-001；核定表編號 2，PDF 第 1 頁。 原始預定期間：2月及5月各擇1日。 預計受益人數：500；此值不是實際參與人次。 核定金額：新臺幣 20000 元；本 Sprint 不以金額評估成效。 證據只支持方案獲核定與預定執行期間，未查得核銷或成果資料，不得解讀為已執行或完成。
ACT-2025-0002,COM-0023,耆老傳承親子活動,youth_engagement,臺北市政府社會局核定之「耆老傳承親子活動」方案；本紀錄保留核定名稱與預定執行期間。,2025-02-01,2025-02-28,false,,,,,A,114年度推動社區發展及互助共好補助計畫第一階段核定表,https://www-ws.gov.taipei/Download.ashx?icon=..pdf&n=MTE05bm05bqm56S%2B5Y2A55m85bGV5Y%2BK5LqS5Yqp5YWx5aW96KOc5Yqp6KiI55Wr56ys5LiA6ZqO5q615qC45a6a6KGoLnBkZg%3D%3D&u=LzAwMS9VcGxvYWQvMzU4L3JlbGZpbGUvNTc4ODEvOTM0NzQ3MS85NDI4MWFhZC0zMTZhLTQ2YWYtOTIyZi1iNDBmYjU4MjY2ZTEucGRm,2026-08-03,verified,low_evidence,false,2026-08-03T12:00:00Z,2026-08-03T12:00:00Z,1.1.0,來源轉錄碼 SRC-ACT-2025-002；核定表編號 3，PDF 第 1 頁。 原始預定期間：2月擇1日。 預計受益人數：250；此值不是實際參與人次。 核定金額：新臺幣 20000 元；本 Sprint 不以金額評估成效。 證據只支持方案獲核定與預定執行期間，未查得核銷或成果資料，不得解讀為已執行或完成。
ACT-2025-0003,COM-0010,元宵節活動,culture,臺北市政府社會局核定之「元宵節活動」方案；本紀錄保留核定名稱與預定執行期間。,2025-02-01,2025-02-28,false,,,,,A,114年度推動社區發展及互助共好補助計畫第一階段核定表,https://www-ws.gov.taipei/Download.ashx?icon=..pdf&n=MTE05bm05bqm56S%2B5Y2A55m85bGV5Y%2BK5LqS5Yqp5YWx5aW96KOc5Yqp6KiI55Wr56ys5LiA6ZqO5q615qC45a6a6KGoLnBkZg%3D%3D&u=LzAwMS9VcGxvYWQvMzU4L3JlbGZpbGUvNTc4ODEvOTM0NzQ3MS85NDI4MWFhZC0zMTZhLTQ2YWYtOTIyZi1iNDBmYjU4MjY2ZTEucGRm,2026-08-03,verified,low_evidence,false,2026-08-03T12:00:00Z,2026-08-03T12:00:00Z,1.1.0,來源轉錄碼 SRC-ACT-2025-003；核定表編號 4，PDF 第 1 頁。 原始預定期間：2月擇1日。 預計受益人數：250；此值不是實際參與人次。 核定金額：新臺幣 20000 元；本 Sprint 不以金額評估成效。 證據只支持方案獲核定與預定執行期間，未查得核銷或成果資料，不得解讀為已執行或完成。
ACT-2025-0004,COM-0017,綠堤里歡慶元宵活動,culture,臺北市政府社會局核定之「綠堤里歡慶元宵活動」方案；本紀錄保留核定名稱與預定執行期間。,2025-02-01,2025-02-28,false,,,,,A,114年度推動社區發展及互助共好補助計畫第一階段核定表,https://www-ws.gov.taipei/Download.ashx?icon=..pdf&n=MTE05bm05bqm56S%2B5Y2A55m85bGV5Y%2BK5LqS5Yqp5YWx5aW96KOc5Yqp6KiI55Wr56ys5LiA6ZqO5q615qC45a6a6KGoLnBkZg%3D%3D&u=LzAwMS9VcGxvYWQvMzU4L3JlbGZpbGUvNTc4ODEvOTM0NzQ3MS85NDI4MWFhZC0zMTZhLTQ2YWYtOTIyZi1iNDBmYjU4MjY2ZTEucGRm,2026-08-03,verified,low_evidence,false,2026-08-03T12:00:00Z,2026-08-03T12:00:00Z,1.1.0,來源轉錄碼 SRC-ACT-2025-004；核定表編號 5，PDF 第 1 頁。 原始預定期間：2月擇1日。 預計受益人數：400；此值不是實際參與人次。 核定金額：新臺幣 20000 元；本 Sprint 不以金額評估成效。 證據只支持方案獲核定與預定執行期間，未查得核銷或成果資料，不得解讀為已執行或完成。
ACT-2025-0005,COM-0006,元宵踩街活動,culture,臺北市政府社會局核定之「元宵踩街活動」方案；本紀錄保留核定名稱與預定執行期間。,2025-02-01,2025-02-28,false,,,,,A,114年度推動社區發展及互助共好補助計畫第一階段核定表,https://www-ws.gov.taipei/Download.ashx?icon=..pdf&n=MTE05bm05bqm56S%2B5Y2A55m85bGV5Y%2BK5LqS5Yqp5YWx5aW96KOc5Yqp6KiI55Wr56ys5LiA6ZqO5q615qC45a6a6KGoLnBkZg%3D%3D&u=LzAwMS9VcGxvYWQvMzU4L3JlbGZpbGUvNTc4ODEvOTM0NzQ3MS85NDI4MWFhZC0zMTZhLTQ2YWYtOTIyZi1iNDBmYjU4MjY2ZTEucGRm,2026-08-03,verified,low_evidence,false,2026-08-03T12:00:00Z,2026-08-03T12:00:00Z,1.1.0,來源轉錄碼 SRC-ACT-2025-005；核定表編號 21，PDF 第 2 頁。 原始預定期間：2月擇1日。 預計受益人數：350；此值不是實際參與人次。 核定金額：新臺幣 20000 元；本 Sprint 不以金額評估成效。 證據只支持方案獲核定與預定執行期間，未查得核銷或成果資料，不得解讀為已執行或完成。
ACT-2025-0006,COM-0023,社區多元關懷服務,care_service,臺北市政府社會局核定之「社區多元關懷服務」方案；本紀錄保留核定名稱與預定執行期間。,2025-01-01,2025-12-31,true,,,,,A,114年社區發展及互助共好補助計畫專案五、專案六第一梯次核定表,https://www-ws.gov.taipei/Download.ashx?icon=..pdf&n=5bCI5qGI5LqU5bCI5qGI5YWt56ys5LiA5qKv5qyh5qC45a6a6KGoLnBkZg%3D%3D&u=LzAwMS9VcGxvYWQvMzU4L3JlbGZpbGUvNTc4ODEvOTM5ODc1OS8yYWRmYzk1ZC01NWJhLTQzMjktOTkwZS03MDg2ZmM5N2UyMjUucGRm,2026-08-03,verified,low_evidence,false,2026-08-03T12:00:00Z,2026-08-03T12:00:00Z,1.1.0,來源轉錄碼 SRC-ACT-2025-006；核定表編號 3，PDF 第 1 頁。 原始預定期間：1月1日–12月31日。 核定金額：新臺幣 550000 元；本 Sprint 不以金額評估成效。 證據只支持方案獲核定與預定執行期間，未查得核銷或成果資料，不得解讀為已執行或完成。
ACT-2025-0007,COM-0005,互助共好社區生活方案,care_service,臺北市政府社會局核定之「互助共好社區生活方案」方案；本紀錄保留核定名稱與預定執行期間。,2025-01-16,2025-12-15,true,,,,,A,114年社區發展及互助共好補助計畫專案五、專案六第一梯次核定表,https://www-ws.gov.taipei/Download.ashx?icon=..pdf&n=5bCI5qGI5LqU5bCI5qGI5YWt56ys5LiA5qKv5qyh5qC45a6a6KGoLnBkZg%3D%3D&u=LzAwMS9VcGxvYWQvMzU4L3JlbGZpbGUvNTc4ODEvOTM5ODc1OS8yYWRmYzk1ZC01NWJhLTQzMjktOTkwZS03MDg2ZmM5N2UyMjUucGRm,2026-08-03,verified,low_evidence,false,2026-08-03T12:00:00Z,2026-08-03T12:00:00Z,1.1.0,來源轉錄碼 SRC-ACT-2025-007；核定表編號 18，PDF 第 4 頁。 原始預定期間：1月16日–12月15日。 核定金額：新臺幣 350000 元；本 Sprint 不以金額評估成效。 證據只支持方案獲核定與預定執行期間，未查得核銷或成果資料，不得解讀為已執行或完成。
ACT-2025-0008,COM-0007,新忠社區互助共好大家庭,care_service,臺北市政府社會局核定之「新忠社區互助共好大家庭」方案；本紀錄保留核定名稱與預定執行期間。,2025-01-01,2025-12-31,true,,,,,A,114年社區發展及互助共好補助計畫專案五、專案六第一梯次核定表,https://www-ws.gov.taipei/Download.ashx?icon=..pdf&n=5bCI5qGI5LqU5bCI5qGI5YWt56ys5LiA5qKv5qyh5qC45a6a6KGoLnBkZg%3D%3D&u=LzAwMS9VcGxvYWQvMzU4L3JlbGZpbGUvNTc4ODEvOTM5ODc1OS8yYWRmYzk1ZC01NWJhLTQzMjktOTkwZS03MDg2ZmM5N2UyMjUucGRm,2026-08-03,verified,low_evidence,false,2026-08-03T12:00:00Z,2026-08-03T12:00:00Z,1.1.0,來源轉錄碼 SRC-ACT-2025-008；核定表編號 21，PDF 第 5 頁。 原始預定期間：1月1日–12月31日。 核定金額：新臺幣 500000 元；本 Sprint 不以金額評估成效。 證據只支持方案獲核定與預定執行期間，未查得核銷或成果資料，不得解讀為已執行或完成。
ACT-2025-0009,COM-0010,社區互助關懷、共創美好社區,care_service,臺北市政府社會局核定之「社區互助關懷、共創美好社區」方案；本紀錄保留核定名稱與預定執行期間。,2025-01-01,2025-12-31,true,,,,,A,114年社區發展及互助共好補助計畫專案五、專案六第一梯次核定表,https://www-ws.gov.taipei/Download.ashx?icon=..pdf&n=5bCI5qGI5LqU5bCI5qGI5YWt56ys5LiA5qKv5qyh5qC45a6a6KGoLnBkZg%3D%3D&u=LzAwMS9VcGxvYWQvMzU4L3JlbGZpbGUvNTc4ODEvOTM5ODc1OS8yYWRmYzk1ZC01NWJhLTQzMjktOTkwZS03MDg2ZmM5N2UyMjUucGRm,2026-08-03,verified,low_evidence,false,2026-08-03T12:00:00Z,2026-08-03T12:00:00Z,1.1.0,來源轉錄碼 SRC-ACT-2025-009；核定表編號 34，PDF 第 9 頁。 原始預定期間：1月1日–12月31日。 核定金額：新臺幣 500000 元；本 Sprint 不以金額評估成效。 證據只支持方案獲核定與預定執行期間，未查得核銷或成果資料，不得解讀為已執行或完成。
ACT-2025-0010,COM-0007,長者生命故事共寫社區記憶食譜,culture,臺北市政府社會局核定之「長者生命故事共寫社區記憶食譜」方案；本紀錄保留核定名稱與預定執行期間。,2025-05-01,2025-12-31,true,,,,,A,114年度推動社區發展及互助共好補助計畫第三階段第三梯次核定表－專案四,https://www-ws.gov.taipei/Download.ashx?icon=..pdf&n=MTE05bm05bqm56S%2B5Y2A55m85bGV5Y%2BK5LqS5Yqp5YWx5aW96KOc5Yqp6KiI55Wr56ys5LiJ6ZqO5q6156ys5LiJ5qKv5qyh5qC45a6a6KGoLeWwiOahiOWbmygxMTQwNTE05qC45a6aKS5wZGY%3D&u=LzAwMS9VcGxvYWQvMzU4L3JlbGZpbGUvNTc4ODEvOTM4NzQ4MS83MmE2NGI5OC1mZWI0LTQxOTItODhhMy1kZTEzYzg4YTgwNDkucGRm,2026-08-03,verified,low_evidence,false,2026-08-03T12:00:00Z,2026-08-03T12:00:00Z,1.1.0,來源轉錄碼 SRC-ACT-2025-010；核定表編號 322，PDF 第 1 頁。 原始預定期間：5–12月。 預計受益人數：90；此值不是實際參與人次。 核定金額：新臺幣 95000 元；本 Sprint 不以金額評估成效。 證據只支持方案獲核定與預定執行期間，未查得核銷或成果資料，不得解讀為已執行或完成。
ACT-2026-0001,COM-0023,社區多元關懷服務,care_service,臺北市政府社會局核定之「社區多元關懷服務」方案；本紀錄保留核定名稱與預定執行期間。,2026-01-01,2026-12-31,true,,,,,A,115年社區發展及互助共好補助計畫專案五、專案六核定表（115.05.04核定）,https://www-ws.gov.taipei/Download.ashx?icon=..pdf&n=MTE15bm056S%2B5Y2A55m85bGV5Y%2BK5LqS5Yqp5YWx5aW96KOc5Yqp6KiI55Wr5bCI5qGI5LqU44CB5bCI5qGI5YWt5qC45a6a6KGoLnBkZg%3D%3D&u=LzAwMS9VcGxvYWQvMzU4L3JlbGZpbGUvNTc4ODEvOTU3MjQyMy8yZWZjYzU4Ni0zYjU0LTQwMjAtODRjMC1lYjAwMmRkM2I5NWIucGRm,2026-08-03,verified,low_evidence,false,2026-08-03T12:00:00Z,2026-08-03T12:00:00Z,1.1.0,來源轉錄碼 SRC-ACT-2026-001；核定表編號 5，PDF 第 10 頁。 原始預定期間：115年1月1日–115年12月31日。 核定金額：新臺幣 580000 元；本 Sprint 不以金額評估成效。 證據只支持方案獲核定與預定執行期間，未查得核銷或成果資料，不得解讀為已執行或完成。
ACT-2026-0002,COM-0005,互助共好社區生活方案,care_service,臺北市政府社會局核定之「互助共好社區生活方案」方案；本紀錄保留核定名稱與預定執行期間。,2026-01-01,2026-12-31,true,,,,,A,115年社區發展及互助共好補助計畫專案五、專案六核定表（115.05.04核定）,https://www-ws.gov.taipei/Download.ashx?icon=..pdf&n=MTE15bm056S%2B5Y2A55m85bGV5Y%2BK5LqS5Yqp5YWx5aW96KOc5Yqp6KiI55Wr5bCI5qGI5LqU44CB5bCI5qGI5YWt5qC45a6a6KGoLnBkZg%3D%3D&u=LzAwMS9VcGxvYWQvMzU4L3JlbGZpbGUvNTc4ODEvOTU3MjQyMy8yZWZjYzU4Ni0zYjU0LTQwMjAtODRjMC1lYjAwMmRkM2I5NWIucGRm,2026-08-03,verified,low_evidence,false,2026-08-03T12:00:00Z,2026-08-03T12:00:00Z,1.1.0,來源轉錄碼 SRC-ACT-2026-002；核定表編號 6，PDF 第 10 頁。 原始預定期間：115年1月1日–115年12月31日。 核定金額：新臺幣 200000 元；本 Sprint 不以金額評估成效。 證據只支持方案獲核定與預定執行期間，未查得核銷或成果資料，不得解讀為已執行或完成。
ACT-2026-0003,COM-0007,新忠社區互助共好大家庭,care_service,臺北市政府社會局核定之「新忠社區互助共好大家庭」方案；本紀錄保留核定名稱與預定執行期間。,2026-01-01,2026-12-31,true,,,,,A,115年社區發展及互助共好補助計畫專案五、專案六核定表（115.05.04核定）,https://www-ws.gov.taipei/Download.ashx?icon=..pdf&n=MTE15bm056S%2B5Y2A55m85bGV5Y%2BK5LqS5Yqp5YWx5aW96KOc5Yqp6KiI55Wr5bCI5qGI5LqU44CB5bCI5qGI5YWt5qC45a6a6KGoLnBkZg%3D%3D&u=LzAwMS9VcGxvYWQvMzU4L3JlbGZpbGUvNTc4ODEvOTU3MjQyMy8yZWZjYzU4Ni0zYjU0LTQwMjAtODRjMC1lYjAwMmRkM2I5NWIucGRm,2026-08-03,verified,low_evidence,false,2026-08-03T12:00:00Z,2026-08-03T12:00:00Z,1.1.0,來源轉錄碼 SRC-ACT-2026-003；核定表編號 9，PDF 第 10 頁。 原始預定期間：115年1月1日–115年12月31日。 核定金額：新臺幣 500000 元；本 Sprint 不以金額評估成效。 證據只支持方案獲核定與預定執行期間，未查得核銷或成果資料，不得解讀為已執行或完成。
ACT-2026-0004,COM-0010,社區互助關懷、共創美好社區,care_service,臺北市政府社會局核定之「社區互助關懷、共創美好社區」方案；本紀錄保留核定名稱與預定執行期間。,2026-01-01,2026-12-31,true,,,,,A,115年社區發展及互助共好補助計畫專案五、專案六核定表（115.05.04核定）,https://www-ws.gov.taipei/Download.ashx?icon=..pdf&n=MTE15bm056S%2B5Y2A55m85bGV5Y%2BK5LqS5Yqp5YWx5aW96KOc5Yqp6KiI55Wr5bCI5qGI5LqU44CB5bCI5qGI5YWt5qC45a6a6KGoLnBkZg%3D%3D&u=LzAwMS9VcGxvYWQvMzU4L3JlbGZpbGUvNTc4ODEvOTU3MjQyMy8yZWZjYzU4Ni0zYjU0LTQwMjAtODRjMC1lYjAwMmRkM2I5NWIucGRm,2026-08-03,verified,low_evidence,false,2026-08-03T12:00:00Z,2026-08-03T12:00:00Z,1.1.0,來源轉錄碼 SRC-ACT-2026-004；核定表編號 33，PDF 第 10 頁。 原始預定期間：115年1月1日–115年12月31日。 核定金額：新臺幣 500000 元；本 Sprint 不以金額評估成效。 證據只支持方案獲核定與預定執行期間，未查得核銷或成果資料，不得解讀為已執行或完成。
ACT-2026-0005,COM-0011,社區友善共好互持網－壽德親子弱勢共好好未來,care_service,臺北市政府社會局核定之「社區友善共好互持網－壽德親子弱勢共好好未來」方案；本紀錄保留核定名稱與預定執行期間。,2026-07-01,2026-12-31,true,,,,,A,115年社區發展及互助共好補助計畫專案五、專案六核定表（115.05.04核定）,https://www-ws.gov.taipei/Download.ashx?icon=..pdf&n=MTE15bm056S%2B5Y2A55m85bGV5Y%2BK5LqS5Yqp5YWx5aW96KOc5Yqp6KiI55Wr5bCI5qGI5LqU44CB5bCI5qGI5YWt5qC45a6a6KGoLnBkZg%3D%3D&u=LzAwMS9VcGxvYWQvMzU4L3JlbGZpbGUvNTc4ODEvOTU3MjQyMy8yZWZjYzU4Ni0zYjU0LTQwMjAtODRjMC1lYjAwMmRkM2I5NWIucGRm,2026-08-03,verified,low_evidence,false,2026-08-03T12:00:00Z,2026-08-03T12:00:00Z,1.1.0,來源轉錄碼 SRC-ACT-2026-005；核定表編號 61，PDF 第 11 頁。 原始預定期間：115年7月1日–115年12月31日。 核定金額：新臺幣 150000 元；本 Sprint 不以金額評估成效。 證據只支持方案獲核定與預定執行期間，未查得核銷或成果資料，不得解讀為已執行或完成。
